<?xml version = '1.0' encoding = 'UTF-8'?>
<relationalModel class="oracle.dbtools.crest.model.design.relational.RelationalDesign" name="Relational_1" id="999B8B29-B5A5-A327-E329-82ACA967E025" mainViewID="F8C30AA2-EBEC-D815-2CE6-2AD223C406F3">
<createdBy>cristinalagosgonzalez</createdBy>
<createdTime>2026-01-19 14:41:07 UTC</createdTime>
<ownerDesignName>Semana2</ownerDesignName>
<shouldBeOpen>false</shouldBeOpen>
<selectedRDBMSSite>32076570-2523-435C-2E92-BF29817DFF70</selectedRDBMSSite>
</relationalModel>
