<?xml version = '1.0' encoding = 'UTF-8'?>
<Diagram class="oracle.dbtools.crest.swingui.logical.DPVLogical" name="Logical" id="86A71445-2BC3-1B39-E375-50CFC7FAD8E0">
<createdBy>cristinalagosgonzalez</createdBy>
<modifiedBy>cristinalagosgonzalez</modifiedBy>
<createdTime>2026-01-19 14:41:12 UTC</createdTime>
<autoRoute>false</autoRoute>
<boxInbox>true</boxInbox>
<showLegend>false</showLegend>
<showLabels>false</showLabels>
<showRelAttributes>false</showRelAttributes>
<gridEnabled>false</gridEnabled>
<showGrid>false</showGrid>
<diagramColor>-1</diagramColor>
<display>false</display>
<notation>0</notation>
<objectViews>
<OView class="oracle.dbtools.crest.swingui.logical.TVEntity" oid="435E438D-8EEC-3771-0B0D-36BDE6F0B6F4" otype="Entity" vid="FAC0F207-24BF-B87A-DCAC-0A83A6AE01A3">
<hideElementsInCurrentOnly>false</hideElementsInCurrentOnly>
<bounds x="424" y="427" width="262" height="120"/>
</OView>
<OView class="oracle.dbtools.crest.swingui.logical.TVEntity" oid="49AAC303-3CD4-3260-FC4D-875A8F0BC8B8" otype="Entity" vid="8247876D-F909-A2CB-6C50-A15C6AFA97FF">
<hideElementsInCurrentOnly>false</hideElementsInCurrentOnly>
<bounds x="30" y="20" width="238" height="187"/>
</OView>
<OView class="oracle.dbtools.crest.swingui.logical.TVEntity" oid="6CC2A2C9-5078-689A-AD19-171CA8C6E4F0" otype="Entity" vid="50E58ACC-E73B-4DA9-2ED1-FFFBDB123068">
<hideElementsInCurrentOnly>false</hideElementsInCurrentOnly>
<bounds x="362" y="26" width="251" height="221"/>
</OView>
<OView class="oracle.dbtools.crest.swingui.logical.TVEntity" oid="9E0FE304-9286-1F42-5D18-F1EA9481BED8" otype="Entity" vid="4528C053-5384-9ADC-3BF4-AE54D8200064">
<hideElementsInCurrentOnly>false</hideElementsInCurrentOnly>
<bounds x="22" y="285" width="266" height="211"/>
</OView>
<OView class="oracle.dbtools.crest.swingui.logical.TVEntity" oid="CF5275A0-9E6F-B06C-EA85-118B654CE9C5" otype="Entity" vid="A2405821-40AF-5293-514C-924C73504428">
<hideElementsInCurrentOnly>false</hideElementsInCurrentOnly>
<bounds x="390" y="273" width="243" height="119"/>
</OView>
<OView class="oracle.dbtools.crest.swingui.logical.TVEntity" oid="ECE4BC0D-20CA-626F-C1CE-039A1D5DC758" otype="Entity" vid="903BEB79-92A8-D7D9-E8A8-6B993AC827E9">
<hideElementsInCurrentOnly>false</hideElementsInCurrentOnly>
<bounds x="217" y="605" width="266" height="140"/>
</OView>
</objectViews>
<connectors>
<Connector class="oracle.dbtools.crest.swingui.logical.TVRelation" oid="29E163BB-9D63-9296-5CE0-17C3100C9607" otype="Relation" vid_source="4528C053-5384-9ADC-3BF4-AE54D8200064" vid_target="A2405821-40AF-5293-514C-924C73504428">
<hideElementsInCurrentOnly>false</hideElementsInCurrentOnly>
<backgroundColor>-16777216</backgroundColor>
<lineWidth>1</lineWidth>
<points>
<point x="288" y="338"/>
<point x="390" y="338"/>
</points>
</Connector>
<Connector class="oracle.dbtools.crest.swingui.logical.TVRelation" oid="7B4E9E92-871C-B6AF-BDF8-65C07651E2CE" otype="Relation" vid_source="50E58ACC-E73B-4DA9-2ED1-FFFBDB123068" vid_target="4528C053-5384-9ADC-3BF4-AE54D8200064">
<hideElementsInCurrentOnly>false</hideElementsInCurrentOnly>
<backgroundColor>-16777216</backgroundColor>
<lineWidth>1</lineWidth>
<points>
<point x="362" y="232"/>
<point x="258" y="285"/>
</points>
</Connector>
<Connector class="oracle.dbtools.crest.swingui.logical.TVRelation" oid="8F3D8A8B-1D41-E46E-13E1-3D96969EE305" otype="Relation" vid_source="50E58ACC-E73B-4DA9-2ED1-FFFBDB123068" vid_target="8247876D-F909-A2CB-6C50-A15C6AFA97FF">
<hideElementsInCurrentOnly>false</hideElementsInCurrentOnly>
<backgroundColor>-16777216</backgroundColor>
<lineWidth>1</lineWidth>
<points>
<point x="362" y="116"/>
<point x="268" y="116"/>
</points>
</Connector>
<Connector class="oracle.dbtools.crest.swingui.logical.TVRelation" oid="AC189444-9787-8F6B-402D-E330321CE355" otype="Relation" vid_source="4528C053-5384-9ADC-3BF4-AE54D8200064" vid_target="FAC0F207-24BF-B87A-DCAC-0A83A6AE01A3">
<hideElementsInCurrentOnly>false</hideElementsInCurrentOnly>
<backgroundColor>-16777216</backgroundColor>
<lineWidth>1</lineWidth>
<points>
<point x="288" y="461"/>
<point x="424" y="461"/>
</points>
</Connector>
<Connector class="oracle.dbtools.crest.swingui.logical.TVRelation" oid="AC82271D-6BAE-6F36-9834-A939AEA9EE95" otype="Relation" vid_source="4528C053-5384-9ADC-3BF4-AE54D8200064" vid_target="903BEB79-92A8-D7D9-E8A8-6B993AC827E9">
<hideElementsInCurrentOnly>false</hideElementsInCurrentOnly>
<backgroundColor>-16777216</backgroundColor>
<lineWidth>1</lineWidth>
<points>
<point x="252" y="496"/>
<point x="252" y="605"/>
</points>
</Connector>
<Connector class="oracle.dbtools.crest.swingui.logical.TVRelation" oid="C06E7832-E613-0F99-7733-E1D8B31F23C9" otype="Relation" vid_source="4528C053-5384-9ADC-3BF4-AE54D8200064" vid_target="50E58ACC-E73B-4DA9-2ED1-FFFBDB123068">
<hideElementsInCurrentOnly>false</hideElementsInCurrentOnly>
<backgroundColor>-16777216</backgroundColor>
<lineWidth>1</lineWidth>
<points>
<point x="288" y="288"/>
<point x="362" y="217"/>
</points>
</Connector>
</connectors>
</Diagram>
