<?xml version = '1.0' encoding = 'UTF-8'?>
<Entity class="oracle.dbtools.crest.model.design.logical.Entity" directorySegmentName="seg_0" id="435E438D-8EEC-3771-0B0D-36BDE6F0B6F4" name="Equipaje_Extra25,9">
<createdBy>cristinalagosgonzalez</createdBy>
<createdTime>2026-01-19 15:48:57 UTC</createdTime>
<ownerDesignName>Semana2</ownerDesignName>
<engineerTo>
<item key="999B8B29-B5A5-A327-E329-82ACA967E025" value="true"/>
</engineerTo>
<adequatelyNormalized>NO</adequatelyNormalized>
<expectedVolumes>0</expectedVolumes>
<fwdEngineeringStrategyName>Single Table</fwdEngineeringStrategyName>
<growthPercent>0</growthPercent>
<growthType>Year</growthType>
<maxVolumes>9999999</maxVolumes>
<minVolumes>0</minVolumes>
<normalForm>Third</normalForm>
<attributes itemClass="oracle.dbtools.crest.model.design.logical.Attribute">
<Attribute name="Codigo_EbodegaExtra1" id="1B9320D5-49F6-C2DE-9FE3-D71B40CF09E1">
<createdBy>cristinalagosgonzalez</createdBy>
<createdTime>2026-01-19 15:49:19 UTC</createdTime>
<ownerDesignName>Semana2</ownerDesignName>
<engineerTo>
<item key="999B8B29-B5A5-A327-E329-82ACA967E025" value="true"/>
</engineerTo>
<useDomainConstraints>false</useDomainConstraints>
<use>1</use>
<logicalDatatype>LOGDT024</logicalDatatype>
<dataTypeSize>6</dataTypeSize>
<ownDataTypeParameters>6,,</ownDataTypeParameters>
</Attribute>
<Attribute name="Peso_Ebodega_Extra1" id="6CA02D1C-9488-4584-EBF2-F0B0DCEE7334">
<createdBy>cristinalagosgonzalez</createdBy>
<createdTime>2026-01-19 15:49:48 UTC</createdTime>
<ownerDesignName>Semana2</ownerDesignName>
<engineerTo>
<item key="999B8B29-B5A5-A327-E329-82ACA967E025" value="true"/>
</engineerTo>
<useDomainConstraints>false</useDomainConstraints>
<use>1</use>
<logicalDatatype>LOGDT026</logicalDatatype>
<dataTypePrecision>25</dataTypePrecision>
<dataTypeScale>9</dataTypeScale>
<ownDataTypeParameters>,25,9</ownDataTypeParameters>
</Attribute>
<Attribute name="Color" id="26DA4AFD-9254-9C44-AB3D-AFA0F28902ED">
<createdBy>cristinalagosgonzalez</createdBy>
<createdTime>2026-01-19 15:51:03 UTC</createdTime>
<ownerDesignName>Semana2</ownerDesignName>
<engineerTo>
<item key="999B8B29-B5A5-A327-E329-82ACA967E025" value="true"/>
</engineerTo>
<useDomainConstraints>false</useDomainConstraints>
<use>1</use>
<logicalDatatype>LOGDT024</logicalDatatype>
<dataTypeSize>7</dataTypeSize>
<ownDataTypeParameters>7,,</ownDataTypeParameters>
</Attribute>
<Attribute name="Descripcion" id="235023C2-8953-2AA9-FABA-0A84CA4CB2E5">
<createdBy>cristinalagosgonzalez</createdBy>
<createdTime>2026-01-19 15:51:19 UTC</createdTime>
<ownerDesignName>Semana2</ownerDesignName>
<engineerTo>
<item key="999B8B29-B5A5-A327-E329-82ACA967E025" value="true"/>
</engineerTo>
<nullsAllowed>true</nullsAllowed>
<useDomainConstraints>false</useDomainConstraints>
<use>1</use>
<logicalDatatype>LOGDT024</logicalDatatype>
<dataTypeSize>20</dataTypeSize>
<ownDataTypeParameters>20,,</ownDataTypeParameters>
</Attribute>
<Attribute name="Pasaporte_o_ID" id="CF0D2BE5-58FE-19A2-C4F9-709DF4C48F43">
<createdBy>cristinalagosgonzalez</createdBy>
<createdTime>2026-01-19 16:13:58 UTC</createdTime>
<generatorID>AC189444-9787-8F6B-402D-E330321CE355</generatorID>
<ownerDesignName>Semana2</ownerDesignName>
<engineerTo>
<item key="999B8B29-B5A5-A327-E329-82ACA967E025" value="true"/>
</engineerTo>
<referedAttribute>467BF31E-88C4-2DD9-5897-25FB2ACFD713</referedAttribute>
<useDomainConstraints>false</useDomainConstraints>
<use>1</use>
<logicalDatatype>LOGDT024</logicalDatatype>
<dataTypeSize>10</dataTypeSize>
<ownDataTypeParameters>,,</ownDataTypeParameters>
</Attribute>
<Attribute name="Numero_Vuelo" id="A85E40BE-65E1-95EF-5C00-FB62A36F3607">
<createdBy>cristinalagosgonzalez</createdBy>
<createdTime>2026-01-19 16:21:43 UTC</createdTime>
<generatorID>AC189444-9787-8F6B-402D-E330321CE355</generatorID>
<ownerDesignName>Semana2</ownerDesignName>
<engineerTo>
<item key="999B8B29-B5A5-A327-E329-82ACA967E025" value="true"/>
</engineerTo>
<referedAttribute>77FDF5BB-01FA-0E9A-F2BD-40B576F02680</referedAttribute>
<useDomainConstraints>false</useDomainConstraints>
<use>1</use>
<logicalDatatype>LOGDT024</logicalDatatype>
<dataTypeSize>4</dataTypeSize>
<ownDataTypeParameters>,,</ownDataTypeParameters>
</Attribute>
</attributes>
<identifiers itemClass="oracle.dbtools.crest.model.design.logical.CandidateKey">
<identifier id="0EA6E7B8-139E-8E99-3F7E-90F6CDCE71B0" name="Equipaje_Extra20 PK">
<createdBy>cristinalagosgonzalez</createdBy>
<createdTime>2026-01-19 15:51:45 UTC</createdTime>
<ownerDesignName>Semana2</ownerDesignName>
<engineerTo>
<item key="999B8B29-B5A5-A327-E329-82ACA967E025" value="true"/>
</engineerTo>
<pk>true</pk>
<usedAttributes>
<attributeRef>1B9320D5-49F6-C2DE-9FE3-D71B40CF09E1</attributeRef>
</usedAttributes>
</identifier>
</identifiers>
</Entity>
