<?xml version = '1.0' encoding = 'UTF-8'?>
<Entity class="oracle.dbtools.crest.model.design.logical.Entity" directorySegmentName="seg_0" id="49AAC303-3CD4-3260-FC4D-875A8F0BC8B8" name="Empleado">
<createdBy>cristinalagosgonzalez</createdBy>
<createdTime>2026-01-19 14:41:12 UTC</createdTime>
<ownerDesignName>Semana2</ownerDesignName>
<engineerTo>
<item key="999B8B29-B5A5-A327-E329-82ACA967E025" value="true"/>
</engineerTo>
<adequatelyNormalized>NO</adequatelyNormalized>
<expectedVolumes>0</expectedVolumes>
<fwdEngineeringStrategyName>Single Table</fwdEngineeringStrategyName>
<growthPercent>0</growthPercent>
<growthType>Year</growthType>
<maxVolumes>9999999</maxVolumes>
<minVolumes>0</minVolumes>
<normalForm>Third</normalForm>
<attributes itemClass="oracle.dbtools.crest.model.design.logical.Attribute">
<Attribute name="Cedula_Identidad" id="790F45F3-2E97-B03B-997C-BD34AD0C4F6A">
<createdBy>cristinalagosgonzalez</createdBy>
<createdTime>2026-01-19 14:42:25 UTC</createdTime>
<ownerDesignName>Semana2</ownerDesignName>
<engineerTo>
<item key="999B8B29-B5A5-A327-E329-82ACA967E025" value="true"/>
</engineerTo>
<useDomainConstraints>false</useDomainConstraints>
<use>1</use>
<logicalDatatype>LOGDT024</logicalDatatype>
<dataTypeSize>12</dataTypeSize>
<ownDataTypeParameters>12,,</ownDataTypeParameters>
</Attribute>
<Attribute name="Nombre_Completo" id="A96F3E3C-D975-8465-F0CC-B3EA4B83DF08">
<createdBy>cristinalagosgonzalez</createdBy>
<createdTime>2026-01-19 14:43:01 UTC</createdTime>
<ownerDesignName>Semana2</ownerDesignName>
<engineerTo>
<item key="999B8B29-B5A5-A327-E329-82ACA967E025" value="true"/>
</engineerTo>
<useDomainConstraints>false</useDomainConstraints>
<use>1</use>
<logicalDatatype>LOGDT024</logicalDatatype>
<dataTypeSize>20</dataTypeSize>
<ownDataTypeParameters>20,,</ownDataTypeParameters>
</Attribute>
<Attribute name="Direccion" id="6866E8E2-8DEF-5F80-F4D4-53BB2EADA5AF">
<createdBy>cristinalagosgonzalez</createdBy>
<createdTime>2026-01-19 14:50:40 UTC</createdTime>
<ownerDesignName>Semana2</ownerDesignName>
<engineerTo>
<item key="999B8B29-B5A5-A327-E329-82ACA967E025" value="true"/>
</engineerTo>
<useDomainConstraints>false</useDomainConstraints>
<use>1</use>
<logicalDatatype>LOGDT024</logicalDatatype>
<dataTypeSize>25</dataTypeSize>
<ownDataTypeParameters>25,,</ownDataTypeParameters>
</Attribute>
<Attribute name="Sueldo_base" id="B06CC56D-9F92-444E-64EB-DE0C272E1957">
<createdBy>cristinalagosgonzalez</createdBy>
<createdTime>2026-01-19 14:51:08 UTC</createdTime>
<ownerDesignName>Semana2</ownerDesignName>
<engineerTo>
<item key="999B8B29-B5A5-A327-E329-82ACA967E025" value="true"/>
</engineerTo>
<useDomainConstraints>false</useDomainConstraints>
<use>1</use>
<logicalDatatype>LOGDT026</logicalDatatype>
<dataTypePrecision>10</dataTypePrecision>
<dataTypeScale>2</dataTypeScale>
<ownDataTypeParameters>,10,2</ownDataTypeParameters>
</Attribute>
<Attribute name="Fecha_Ingreso" id="E706FF31-7B50-270B-1A2A-1B8728142CD6">
<createdBy>cristinalagosgonzalez</createdBy>
<createdTime>2026-01-19 14:52:11 UTC</createdTime>
<ownerDesignName>Semana2</ownerDesignName>
<engineerTo>
<item key="999B8B29-B5A5-A327-E329-82ACA967E025" value="true"/>
</engineerTo>
<useDomainConstraints>false</useDomainConstraints>
<use>1</use>
<logicalDatatype>LOGDT007</logicalDatatype>
<ownDataTypeParameters>,,</ownDataTypeParameters>
</Attribute>
<Attribute name="Genero" id="028CB763-3C46-69D0-6F44-4CE8AB74839B">
<createdBy>cristinalagosgonzalez</createdBy>
<createdTime>2026-01-19 14:52:33 UTC</createdTime>
<ownerDesignName>Semana2</ownerDesignName>
<engineerTo>
<item key="999B8B29-B5A5-A327-E329-82ACA967E025" value="true"/>
</engineerTo>
<nullsAllowed>true</nullsAllowed>
<useDomainConstraints>false</useDomainConstraints>
<use>1</use>
<logicalDatatype>LOGDT024</logicalDatatype>
<dataTypeSize>1</dataTypeSize>
<ownDataTypeParameters>1,,</ownDataTypeParameters>
</Attribute>
<Attribute name="Tel_Contacto" id="0838DE10-243A-9932-266C-52D187500A2B">
<createdBy>cristinalagosgonzalez</createdBy>
<createdTime>2026-01-19 14:53:01 UTC</createdTime>
<ownerDesignName>Semana2</ownerDesignName>
<engineerTo>
<item key="999B8B29-B5A5-A327-E329-82ACA967E025" value="true"/>
</engineerTo>
<useDomainConstraints>false</useDomainConstraints>
<use>1</use>
<logicalDatatype>LOGDT024</logicalDatatype>
<dataTypeSize>10</dataTypeSize>
<ownDataTypeParameters>10,,</ownDataTypeParameters>
</Attribute>
<Attribute name="Cargo" id="31572383-7EB9-9D48-DDE5-518D26A516BA">
<createdBy>cristinalagosgonzalez</createdBy>
<createdTime>2026-01-19 15:34:37 UTC</createdTime>
<ownerDesignName>Semana2</ownerDesignName>
<engineerTo>
<item key="999B8B29-B5A5-A327-E329-82ACA967E025" value="true"/>
</engineerTo>
<useDomainConstraints>false</useDomainConstraints>
<use>1</use>
<logicalDatatype>LOGDT024</logicalDatatype>
<dataTypeSize>8</dataTypeSize>
<ownDataTypeParameters>8,,</ownDataTypeParameters>
</Attribute>
<Attribute name="Total_Horas_Vuelo" id="182BB7E4-C49D-C8D6-3BCF-2ADF8E1206B3">
<createdBy>cristinalagosgonzalez</createdBy>
<createdTime>2026-01-19 15:35:17 UTC</createdTime>
<ownerDesignName>Semana2</ownerDesignName>
<engineerTo>
<item key="999B8B29-B5A5-A327-E329-82ACA967E025" value="true"/>
</engineerTo>
<nullsAllowed>true</nullsAllowed>
<useDomainConstraints>false</useDomainConstraints>
<use>1</use>
<logicalDatatype>LOGDT024</logicalDatatype>
<dataTypeSize>5</dataTypeSize>
<ownDataTypeParameters>5,,</ownDataTypeParameters>
</Attribute>
<Attribute name="AFP" id="10A54CAF-7356-1609-8F33-8EAA45BC1090">
<createdBy>cristinalagosgonzalez</createdBy>
<createdTime>2026-01-19 15:35:50 UTC</createdTime>
<ownerDesignName>Semana2</ownerDesignName>
<engineerTo>
<item key="999B8B29-B5A5-A327-E329-82ACA967E025" value="true"/>
</engineerTo>
<useDomainConstraints>false</useDomainConstraints>
<use>1</use>
<logicalDatatype>LOGDT024</logicalDatatype>
<ownDataTypeParameters>,,</ownDataTypeParameters>
</Attribute>
<Attribute name="Numero_Vuelo" id="17DE1A6A-72B8-7E64-7829-55FE66CFFBCE">
<createdBy>cristinalagosgonzalez</createdBy>
<createdTime>2026-01-19 16:23:19 UTC</createdTime>
<generatorID>8F3D8A8B-1D41-E46E-13E1-3D96969EE305</generatorID>
<ownerDesignName>Semana2</ownerDesignName>
<engineerTo>
<item key="999B8B29-B5A5-A327-E329-82ACA967E025" value="true"/>
</engineerTo>
<referedAttribute>6217EA61-6430-78C2-890D-CC03406A4BA3</referedAttribute>
<useDomainConstraints>false</useDomainConstraints>
<use>1</use>
<logicalDatatype>LOGDT024</logicalDatatype>
<dataTypeSize>4</dataTypeSize>
<ownDataTypeParameters>,,</ownDataTypeParameters>
</Attribute>
</attributes>
<identifiers itemClass="oracle.dbtools.crest.model.design.logical.CandidateKey">
<identifier id="125ECA27-17C8-A375-88F6-5904747007C8" name="Empleado PK">
<createdBy>cristinalagosgonzalez</createdBy>
<createdTime>2026-01-19 14:49:12 UTC</createdTime>
<ownerDesignName>Semana2</ownerDesignName>
<engineerTo>
<item key="999B8B29-B5A5-A327-E329-82ACA967E025" value="true"/>
</engineerTo>
<pk>true</pk>
<usedAttributes>
<attributeRef>790F45F3-2E97-B03B-997C-BD34AD0C4F6A</attributeRef>
<attributeRef>17DE1A6A-72B8-7E64-7829-55FE66CFFBCE</attributeRef>
</usedAttributes>
</identifier>
</identifiers>
</Entity>
