<?xml version = '1.0' encoding = 'UTF-8'?>
<Entity class="oracle.dbtools.crest.model.design.logical.Entity" directorySegmentName="seg_0" id="6CC2A2C9-5078-689A-AD19-171CA8C6E4F0" name="Vuelo">
<createdBy>cristinalagosgonzalez</createdBy>
<createdTime>2026-01-19 14:56:57 UTC</createdTime>
<ownerDesignName>Semana2</ownerDesignName>
<engineerTo>
<item key="999B8B29-B5A5-A327-E329-82ACA967E025" value="true"/>
</engineerTo>
<adequatelyNormalized>NO</adequatelyNormalized>
<expectedVolumes>0</expectedVolumes>
<fwdEngineeringStrategyName>Single Table</fwdEngineeringStrategyName>
<growthPercent>0</growthPercent>
<growthType>Year</growthType>
<maxVolumes>9999999</maxVolumes>
<minVolumes>0</minVolumes>
<normalForm>Third</normalForm>
<attributes itemClass="oracle.dbtools.crest.model.design.logical.Attribute">
<Attribute name="Departure" id="9F405A0F-1EB4-C4CB-4415-2BC446FE76AD">
<createdBy>cristinalagosgonzalez</createdBy>
<createdTime>2026-01-19 14:57:32 UTC</createdTime>
<ownerDesignName>Semana2</ownerDesignName>
<engineerTo>
<item key="999B8B29-B5A5-A327-E329-82ACA967E025" value="true"/>
</engineerTo>
<useDomainConstraints>false</useDomainConstraints>
<use>1</use>
<logicalDatatype>LOGDT007</logicalDatatype>
<ownDataTypeParameters>,,</ownDataTypeParameters>
</Attribute>
<Attribute name="Arrival" id="BFA4BF16-B42C-AA27-C891-7E707FB811D0">
<createdBy>cristinalagosgonzalez</createdBy>
<createdTime>2026-01-19 14:57:52 UTC</createdTime>
<ownerDesignName>Semana2</ownerDesignName>
<engineerTo>
<item key="999B8B29-B5A5-A327-E329-82ACA967E025" value="true"/>
</engineerTo>
<useDomainConstraints>false</useDomainConstraints>
<use>1</use>
<logicalDatatype>LOGDT007</logicalDatatype>
<ownDataTypeParameters>,,</ownDataTypeParameters>
</Attribute>
<Attribute name="Ciudad_Arrival" id="A1F525F3-EA76-7812-EE26-15C2BB570333">
<createdBy>cristinalagosgonzalez</createdBy>
<createdTime>2026-01-19 15:38:01 UTC</createdTime>
<ownerDesignName>Semana2</ownerDesignName>
<engineerTo>
<item key="999B8B29-B5A5-A327-E329-82ACA967E025" value="true"/>
</engineerTo>
<useDomainConstraints>false</useDomainConstraints>
<use>1</use>
<logicalDatatype>LOGDT024</logicalDatatype>
<dataTypeSize>8</dataTypeSize>
<ownDataTypeParameters>8,,</ownDataTypeParameters>
</Attribute>
<Attribute name="Aeropuerto_Arrival" id="474C938C-C5AE-67A0-DA5A-53A08B5F6E38">
<createdBy>cristinalagosgonzalez</createdBy>
<createdTime>2026-01-19 15:38:41 UTC</createdTime>
<ownerDesignName>Semana2</ownerDesignName>
<engineerTo>
<item key="999B8B29-B5A5-A327-E329-82ACA967E025" value="true"/>
</engineerTo>
<useDomainConstraints>false</useDomainConstraints>
<use>1</use>
<logicalDatatype>LOGDT024</logicalDatatype>
<dataTypeSize>10</dataTypeSize>
<ownDataTypeParameters>10,,</ownDataTypeParameters>
</Attribute>
<Attribute name="Numero_Vuelo" id="6217EA61-6430-78C2-890D-CC03406A4BA3">
<createdBy>cristinalagosgonzalez</createdBy>
<createdTime>2026-01-19 14:57:10 UTC</createdTime>
<ownerDesignName>Semana2</ownerDesignName>
<engineerTo>
<item key="999B8B29-B5A5-A327-E329-82ACA967E025" value="true"/>
</engineerTo>
<useDomainConstraints>false</useDomainConstraints>
<use>1</use>
<logicalDatatype>LOGDT024</logicalDatatype>
<dataTypeSize>4</dataTypeSize>
<ownDataTypeParameters>4,,</ownDataTypeParameters>
</Attribute>
<Attribute name="Hora_Salida" id="9528D869-A81B-1E7E-0FDD-E84D439660FB">
<createdBy>cristinalagosgonzalez</createdBy>
<createdTime>2026-01-19 14:58:13 UTC</createdTime>
<ownerDesignName>Semana2</ownerDesignName>
<engineerTo>
<item key="999B8B29-B5A5-A327-E329-82ACA967E025" value="true"/>
</engineerTo>
<useDomainConstraints>false</useDomainConstraints>
<use>1</use>
<logicalDatatype>LOGDT014</logicalDatatype>
<ownDataTypeParameters>,,</ownDataTypeParameters>
</Attribute>
<Attribute name="Ciudad_Origen" id="905C5D7C-ECFD-1F1F-717E-EBC5DE39C42B">
<createdBy>cristinalagosgonzalez</createdBy>
<createdTime>2026-01-19 15:41:29 UTC</createdTime>
<ownerDesignName>Semana2</ownerDesignName>
<engineerTo>
<item key="999B8B29-B5A5-A327-E329-82ACA967E025" value="true"/>
</engineerTo>
<useDomainConstraints>false</useDomainConstraints>
<use>1</use>
<logicalDatatype>LOGDT024</logicalDatatype>
<ownDataTypeParameters>,,</ownDataTypeParameters>
</Attribute>
<Attribute name="Estado_Vuelo" id="6A3CED02-E1B4-43C0-4424-67A15CB7FC4E">
<createdBy>cristinalagosgonzalez</createdBy>
<createdTime>2026-01-19 15:29:58 UTC</createdTime>
<ownerDesignName>Semana2</ownerDesignName>
<engineerTo>
<item key="999B8B29-B5A5-A327-E329-82ACA967E025" value="true"/>
</engineerTo>
<nullsAllowed>true</nullsAllowed>
<useDomainConstraints>false</useDomainConstraints>
<use>1</use>
<logicalDatatype>LOGDT024</logicalDatatype>
<dataTypeSize>7</dataTypeSize>
<ownDataTypeParameters>7,,</ownDataTypeParameters>
</Attribute>
<Attribute name="Fecha_Reserva" id="C99B297C-04E1-2AB1-39BF-11FDA1A82A5E">
<createdBy>cristinalagosgonzalez</createdBy>
<createdTime>2026-01-19 15:31:10 UTC</createdTime>
<ownerDesignName>Semana2</ownerDesignName>
<engineerTo>
<item key="999B8B29-B5A5-A327-E329-82ACA967E025" value="true"/>
</engineerTo>
<nullsAllowed>true</nullsAllowed>
<useDomainConstraints>false</useDomainConstraints>
<use>1</use>
<logicalDatatype>LOGDT007</logicalDatatype>
<ownDataTypeParameters>,,</ownDataTypeParameters>
</Attribute>
<Attribute name="Pasaporte_o_ID" id="A8188C64-2F77-84CD-0A6B-EFED1A2C8353">
<createdBy>cristinalagosgonzalez</createdBy>
<createdTime>2026-01-19 16:18:46 UTC</createdTime>
<generatorID>C06E7832-E613-0F99-7733-E1D8B31F23C9</generatorID>
<ownerDesignName>Semana2</ownerDesignName>
<engineerTo>
<item key="999B8B29-B5A5-A327-E329-82ACA967E025" value="true"/>
</engineerTo>
<referedAttribute>467BF31E-88C4-2DD9-5897-25FB2ACFD713</referedAttribute>
<useDomainConstraints>false</useDomainConstraints>
<use>1</use>
<logicalDatatype>LOGDT024</logicalDatatype>
<dataTypeSize>10</dataTypeSize>
<ownDataTypeParameters>,,</ownDataTypeParameters>
</Attribute>
<Attribute name="Numero_Vuelo1" id="F18422A2-0A7A-3217-334C-87DDA7BAD17F">
<createdBy>cristinalagosgonzalez</createdBy>
<createdTime>2026-01-19 16:21:43 UTC</createdTime>
<generatorID>C06E7832-E613-0F99-7733-E1D8B31F23C9</generatorID>
<ownerDesignName>Semana2</ownerDesignName>
<engineerTo>
<item key="999B8B29-B5A5-A327-E329-82ACA967E025" value="true"/>
</engineerTo>
<referedAttribute>77FDF5BB-01FA-0E9A-F2BD-40B576F02680</referedAttribute>
<useDomainConstraints>false</useDomainConstraints>
<use>1</use>
<logicalDatatype>LOGDT024</logicalDatatype>
<dataTypeSize>4</dataTypeSize>
<ownDataTypeParameters>,,</ownDataTypeParameters>
</Attribute>
</attributes>
<identifiers itemClass="oracle.dbtools.crest.model.design.logical.CandidateKey">
<identifier id="82E1BA4F-E1E5-A3FD-E87C-49DBFCAE78E8" name="Vuelo PK">
<createdBy>cristinalagosgonzalez</createdBy>
<createdTime>2026-01-19 14:57:28 UTC</createdTime>
<ownerDesignName>Semana2</ownerDesignName>
<engineerTo>
<item key="999B8B29-B5A5-A327-E329-82ACA967E025" value="true"/>
</engineerTo>
<pk>true</pk>
<usedAttributes>
<attributeRef>6217EA61-6430-78C2-890D-CC03406A4BA3</attributeRef>
</usedAttributes>
</identifier>
</identifiers>
</Entity>
