<?xml version = '1.0' encoding = 'UTF-8'?>
<Entity class="oracle.dbtools.crest.model.design.logical.Entity" directorySegmentName="seg_0" id="9E0FE304-9286-1F42-5D18-F1EA9481BED8" name="Pasajero">
<createdBy>cristinalagosgonzalez</createdBy>
<createdTime>2026-01-19 16:01:04 UTC</createdTime>
<ownerDesignName>Semana2</ownerDesignName>
<engineerTo>
<item key="999B8B29-B5A5-A327-E329-82ACA967E025" value="true"/>
</engineerTo>
<adequatelyNormalized>NO</adequatelyNormalized>
<expectedVolumes>0</expectedVolumes>
<fwdEngineeringStrategyName>Single Table</fwdEngineeringStrategyName>
<growthPercent>0</growthPercent>
<growthType>Year</growthType>
<maxVolumes>9999999</maxVolumes>
<minVolumes>0</minVolumes>
<normalForm>Third</normalForm>
<attributes itemClass="oracle.dbtools.crest.model.design.logical.Attribute">
<Attribute name="Pasaporte_o_ID" id="467BF31E-88C4-2DD9-5897-25FB2ACFD713">
<createdBy>cristinalagosgonzalez</createdBy>
<createdTime>2026-01-19 16:01:30 UTC</createdTime>
<ownerDesignName>Semana2</ownerDesignName>
<engineerTo>
<item key="999B8B29-B5A5-A327-E329-82ACA967E025" value="true"/>
</engineerTo>
<useDomainConstraints>false</useDomainConstraints>
<use>1</use>
<logicalDatatype>LOGDT024</logicalDatatype>
<dataTypeSize>10</dataTypeSize>
<ownDataTypeParameters>10,,</ownDataTypeParameters>
</Attribute>
<Attribute name="Nombre_Completo" id="F82963A2-4440-B61F-AFB2-FF4C8B3400A2">
<createdBy>cristinalagosgonzalez</createdBy>
<createdTime>2026-01-19 16:01:50 UTC</createdTime>
<ownerDesignName>Semana2</ownerDesignName>
<engineerTo>
<item key="999B8B29-B5A5-A327-E329-82ACA967E025" value="true"/>
</engineerTo>
<useDomainConstraints>false</useDomainConstraints>
<use>1</use>
<logicalDatatype>LOGDT024</logicalDatatype>
<dataTypeSize>15</dataTypeSize>
<ownDataTypeParameters>15,,</ownDataTypeParameters>
</Attribute>
<Attribute name="Fecha_Nacimiento" id="28BCCC12-52ED-4B00-2620-4E763A4CCEE4">
<createdBy>cristinalagosgonzalez</createdBy>
<createdTime>2026-01-19 16:02:25 UTC</createdTime>
<ownerDesignName>Semana2</ownerDesignName>
<engineerTo>
<item key="999B8B29-B5A5-A327-E329-82ACA967E025" value="true"/>
</engineerTo>
<useDomainConstraints>false</useDomainConstraints>
<use>1</use>
<logicalDatatype>LOGDT007</logicalDatatype>
<ownDataTypeParameters>,,</ownDataTypeParameters>
</Attribute>
<Attribute name="Nacionalidad" id="14480A3D-F488-382E-A6C8-0C0467834867">
<createdBy>cristinalagosgonzalez</createdBy>
<createdTime>2026-01-19 16:02:59 UTC</createdTime>
<ownerDesignName>Semana2</ownerDesignName>
<engineerTo>
<item key="999B8B29-B5A5-A327-E329-82ACA967E025" value="true"/>
</engineerTo>
<useDomainConstraints>false</useDomainConstraints>
<use>1</use>
<logicalDatatype>LOGDT024</logicalDatatype>
<dataTypeSize>8</dataTypeSize>
<ownDataTypeParameters>8,,</ownDataTypeParameters>
</Attribute>
<Attribute name="Tel_Contacto" id="0AA3A4CB-3718-8DA6-B44E-4581F3DF8B4B">
<createdBy>cristinalagosgonzalez</createdBy>
<createdTime>2026-01-19 16:03:21 UTC</createdTime>
<ownerDesignName>Semana2</ownerDesignName>
<engineerTo>
<item key="999B8B29-B5A5-A327-E329-82ACA967E025" value="true"/>
</engineerTo>
<useDomainConstraints>false</useDomainConstraints>
<use>1</use>
<logicalDatatype>LOGDT024</logicalDatatype>
<dataTypeSize>8</dataTypeSize>
<ownDataTypeParameters>8,,</ownDataTypeParameters>
</Attribute>
<Attribute name="mail" id="AB320556-EE27-FCE7-E563-D686A7230F09">
<createdBy>cristinalagosgonzalez</createdBy>
<createdTime>2026-01-19 16:03:38 UTC</createdTime>
<ownerDesignName>Semana2</ownerDesignName>
<engineerTo>
<item key="999B8B29-B5A5-A327-E329-82ACA967E025" value="true"/>
</engineerTo>
<nullsAllowed>true</nullsAllowed>
<useDomainConstraints>false</useDomainConstraints>
<use>1</use>
<logicalDatatype>LOGDT024</logicalDatatype>
<dataTypeSize>10</dataTypeSize>
<ownDataTypeParameters>10,,</ownDataTypeParameters>
</Attribute>
<Attribute name="Codigo_EBodega" id="17D80266-674E-91CA-AAE6-8736F032B430">
<createdBy>cristinalagosgonzalez</createdBy>
<createdTime>2026-01-19 16:13:47 UTC</createdTime>
<generatorID>29E163BB-9D63-9296-5CE0-17C3100C9607</generatorID>
<ownerDesignName>Semana2</ownerDesignName>
<engineerTo>
<item key="999B8B29-B5A5-A327-E329-82ACA967E025" value="true"/>
</engineerTo>
<referedAttribute>C23EF413-F151-AADE-B8BF-271B6FE34D8C</referedAttribute>
<useDomainConstraints>false</useDomainConstraints>
<use>1</use>
<logicalDatatype>LOGDT024</logicalDatatype>
<dataTypeSize>6</dataTypeSize>
<ownDataTypeParameters>,,</ownDataTypeParameters>
</Attribute>
<Attribute name="Codigo_EbodegaExtra1" id="8E22FC70-36BD-11C5-BDEE-3D54B5A1E9EA">
<createdBy>cristinalagosgonzalez</createdBy>
<createdTime>2026-01-19 16:14:05 UTC</createdTime>
<generatorID>AC189444-9787-8F6B-402D-E330321CE355</generatorID>
<ownerDesignName>Semana2</ownerDesignName>
<engineerTo>
<item key="999B8B29-B5A5-A327-E329-82ACA967E025" value="true"/>
</engineerTo>
<referedAttribute>1B9320D5-49F6-C2DE-9FE3-D71B40CF09E1</referedAttribute>
<useDomainConstraints>false</useDomainConstraints>
<use>1</use>
<logicalDatatype>LOGDT024</logicalDatatype>
<dataTypeSize>6</dataTypeSize>
<ownDataTypeParameters>,,</ownDataTypeParameters>
</Attribute>
<Attribute name="Codigo_EbodegaExtra2" id="84698DE8-8BAC-1BDA-ABE2-C4D7E36B73C0">
<createdBy>cristinalagosgonzalez</createdBy>
<createdTime>2026-01-19 16:14:19 UTC</createdTime>
<generatorID>AC82271D-6BAE-6F36-9834-A939AEA9EE95</generatorID>
<ownerDesignName>Semana2</ownerDesignName>
<engineerTo>
<item key="999B8B29-B5A5-A327-E329-82ACA967E025" value="true"/>
</engineerTo>
<referedAttribute>42C3BAE5-E4E1-D2BA-E22E-D52C0B2C50A3</referedAttribute>
<useDomainConstraints>false</useDomainConstraints>
<use>1</use>
<logicalDatatype>LOGDT024</logicalDatatype>
<dataTypeSize>6</dataTypeSize>
<ownDataTypeParameters>,,</ownDataTypeParameters>
</Attribute>
<Attribute name="Numero_Vuelo" id="77FDF5BB-01FA-0E9A-F2BD-40B576F02680">
<createdBy>cristinalagosgonzalez</createdBy>
<createdTime>2026-01-19 16:21:43 UTC</createdTime>
<generatorID>7B4E9E92-871C-B6AF-BDF8-65C07651E2CE</generatorID>
<ownerDesignName>Semana2</ownerDesignName>
<engineerTo>
<item key="999B8B29-B5A5-A327-E329-82ACA967E025" value="true"/>
</engineerTo>
<referedAttribute>6217EA61-6430-78C2-890D-CC03406A4BA3</referedAttribute>
<useDomainConstraints>false</useDomainConstraints>
<use>1</use>
<logicalDatatype>LOGDT024</logicalDatatype>
<dataTypeSize>4</dataTypeSize>
<ownDataTypeParameters>,,</ownDataTypeParameters>
</Attribute>
</attributes>
<identifiers itemClass="oracle.dbtools.crest.model.design.logical.CandidateKey">
<identifier id="4207FAF0-9E45-B477-E608-F4FD2C3C405B" name="Pasajero PK">
<createdBy>cristinalagosgonzalez</createdBy>
<createdTime>2026-01-19 16:01:44 UTC</createdTime>
<ownerDesignName>Semana2</ownerDesignName>
<engineerTo>
<item key="999B8B29-B5A5-A327-E329-82ACA967E025" value="true"/>
</engineerTo>
<pk>true</pk>
<usedAttributes>
<attributeRef>467BF31E-88C4-2DD9-5897-25FB2ACFD713</attributeRef>
<attributeRef>77FDF5BB-01FA-0E9A-F2BD-40B576F02680</attributeRef>
</usedAttributes>
</identifier>
</identifiers>
</Entity>
