<?xml version = '1.0' encoding = 'UTF-8'?>
<Entity class="oracle.dbtools.crest.model.design.logical.Entity" directorySegmentName="seg_0" id="CF5275A0-9E6F-B06C-EA85-118B654CE9C5" name="Equipaje_Bodega">
<createdBy>cristinalagosgonzalez</createdBy>
<createdTime>2026-01-19 15:44:37 UTC</createdTime>
<ownerDesignName>Semana2</ownerDesignName>
<engineerTo>
<item key="999B8B29-B5A5-A327-E329-82ACA967E025" value="true"/>
</engineerTo>
<adequatelyNormalized>NO</adequatelyNormalized>
<expectedVolumes>0</expectedVolumes>
<fwdEngineeringStrategyName>Single Table</fwdEngineeringStrategyName>
<growthPercent>0</growthPercent>
<growthType>Year</growthType>
<maxVolumes>9999999</maxVolumes>
<minVolumes>0</minVolumes>
<normalForm>Third</normalForm>
<attributes itemClass="oracle.dbtools.crest.model.design.logical.Attribute">
<Attribute name="Codigo_EBodega" id="C23EF413-F151-AADE-B8BF-271B6FE34D8C">
<createdBy>cristinalagosgonzalez</createdBy>
<createdTime>2026-01-19 15:45:00 UTC</createdTime>
<ownerDesignName>Semana2</ownerDesignName>
<engineerTo>
<item key="999B8B29-B5A5-A327-E329-82ACA967E025" value="true"/>
</engineerTo>
<useDomainConstraints>false</useDomainConstraints>
<use>1</use>
<logicalDatatype>LOGDT024</logicalDatatype>
<dataTypeSize>6</dataTypeSize>
<ownDataTypeParameters>6,,</ownDataTypeParameters>
</Attribute>
<Attribute name="Color_EBodega" id="E733079A-7BD4-FCD5-EDD4-EDCC326E0F11">
<createdBy>cristinalagosgonzalez</createdBy>
<createdTime>2026-01-19 15:46:26 UTC</createdTime>
<ownerDesignName>Semana2</ownerDesignName>
<engineerTo>
<item key="999B8B29-B5A5-A327-E329-82ACA967E025" value="true"/>
</engineerTo>
<useDomainConstraints>false</useDomainConstraints>
<use>1</use>
<logicalDatatype>LOGDT024</logicalDatatype>
<dataTypeSize>7</dataTypeSize>
<ownDataTypeParameters>7,,</ownDataTypeParameters>
</Attribute>
<Attribute name="Peso_EBodega" id="D5809595-CE45-C322-8E97-E4D3E4C02862">
<createdBy>cristinalagosgonzalez</createdBy>
<createdTime>2026-01-19 15:46:49 UTC</createdTime>
<ownerDesignName>Semana2</ownerDesignName>
<engineerTo>
<item key="999B8B29-B5A5-A327-E329-82ACA967E025" value="true"/>
</engineerTo>
<useDomainConstraints>false</useDomainConstraints>
<use>1</use>
<logicalDatatype>LOGDT026</logicalDatatype>
<dataTypePrecision>25</dataTypePrecision>
<dataTypeScale>9</dataTypeScale>
<ownDataTypeParameters>,25,9</ownDataTypeParameters>
</Attribute>
<Attribute name="Descripcion" id="1992D13F-E2CA-4A0E-8697-F14E363F8B5D">
<createdBy>cristinalagosgonzalez</createdBy>
<createdTime>2026-01-19 15:47:37 UTC</createdTime>
<ownerDesignName>Semana2</ownerDesignName>
<engineerTo>
<item key="999B8B29-B5A5-A327-E329-82ACA967E025" value="true"/>
</engineerTo>
<nullsAllowed>true</nullsAllowed>
<useDomainConstraints>false</useDomainConstraints>
<use>1</use>
<logicalDatatype>LOGDT024</logicalDatatype>
<dataTypeSize>20</dataTypeSize>
<ownDataTypeParameters>20,,</ownDataTypeParameters>
</Attribute>
<Attribute name="Pasaporte_o_ID" id="EBE2E2CF-AC52-F28E-4B0E-50BDA7054F57">
<createdBy>cristinalagosgonzalez</createdBy>
<createdTime>2026-01-19 16:13:47 UTC</createdTime>
<generatorID>29E163BB-9D63-9296-5CE0-17C3100C9607</generatorID>
<ownerDesignName>Semana2</ownerDesignName>
<engineerTo>
<item key="999B8B29-B5A5-A327-E329-82ACA967E025" value="true"/>
</engineerTo>
<referedAttribute>467BF31E-88C4-2DD9-5897-25FB2ACFD713</referedAttribute>
<useDomainConstraints>false</useDomainConstraints>
<use>1</use>
<logicalDatatype>LOGDT024</logicalDatatype>
<dataTypeSize>10</dataTypeSize>
<ownDataTypeParameters>,,</ownDataTypeParameters>
</Attribute>
<Attribute name="Numero_Vuelo" id="06AB36D8-72A6-DA80-C0A6-EBD560448272">
<createdBy>cristinalagosgonzalez</createdBy>
<createdTime>2026-01-19 16:21:43 UTC</createdTime>
<generatorID>29E163BB-9D63-9296-5CE0-17C3100C9607</generatorID>
<ownerDesignName>Semana2</ownerDesignName>
<engineerTo>
<item key="999B8B29-B5A5-A327-E329-82ACA967E025" value="true"/>
</engineerTo>
<referedAttribute>77FDF5BB-01FA-0E9A-F2BD-40B576F02680</referedAttribute>
<useDomainConstraints>false</useDomainConstraints>
<use>1</use>
<logicalDatatype>LOGDT024</logicalDatatype>
<dataTypeSize>4</dataTypeSize>
<ownDataTypeParameters>,,</ownDataTypeParameters>
</Attribute>
</attributes>
<identifiers itemClass="oracle.dbtools.crest.model.design.logical.CandidateKey">
<identifier id="79172439-9B53-63CD-B4A3-10A3F159DE9F" name="Equipaje_Bodega PK">
<createdBy>cristinalagosgonzalez</createdBy>
<createdTime>2026-01-19 15:48:07 UTC</createdTime>
<ownerDesignName>Semana2</ownerDesignName>
<engineerTo>
<item key="999B8B29-B5A5-A327-E329-82ACA967E025" value="true"/>
</engineerTo>
<pk>true</pk>
<usedAttributes>
<attributeRef>C23EF413-F151-AADE-B8BF-271B6FE34D8C</attributeRef>
</usedAttributes>
</identifier>
</identifiers>
</Entity>
