<?xml version = '1.0' encoding = 'UTF-8'?>
<Entity class="oracle.dbtools.crest.model.design.logical.Entity" directorySegmentName="seg_0" id="ECE4BC0D-20CA-626F-C1CE-039A1D5DC758" name="Equipaje_Extra10">
<createdBy>cristinalagosgonzalez</createdBy>
<createdTime>2026-01-19 15:53:10 UTC</createdTime>
<ownerDesignName>Semana2</ownerDesignName>
<engineerTo>
<item key="999B8B29-B5A5-A327-E329-82ACA967E025" value="true"/>
</engineerTo>
<adequatelyNormalized>NO</adequatelyNormalized>
<expectedVolumes>0</expectedVolumes>
<fwdEngineeringStrategyName>Single Table</fwdEngineeringStrategyName>
<growthPercent>0</growthPercent>
<growthType>Year</growthType>
<maxVolumes>9999999</maxVolumes>
<minVolumes>0</minVolumes>
<normalForm>Third</normalForm>
<attributes itemClass="oracle.dbtools.crest.model.design.logical.Attribute">
<Attribute name="Codigo_EbodegaExtra2" id="42C3BAE5-E4E1-D2BA-E22E-D52C0B2C50A3">
<createdBy>cristinalagosgonzalez</createdBy>
<createdTime>2026-01-19 15:53:10 UTC</createdTime>
<ownerDesignName>Semana2</ownerDesignName>
<engineerTo>
<item key="999B8B29-B5A5-A327-E329-82ACA967E025" value="true"/>
</engineerTo>
<useDomainConstraints>false</useDomainConstraints>
<use>1</use>
<logicalDatatype>LOGDT024</logicalDatatype>
<dataTypeSize>6</dataTypeSize>
<ownDataTypeParameters>6,,</ownDataTypeParameters>
</Attribute>
<Attribute name="Peso_Ebodega_Extra2" id="E93CEF78-6936-B1F3-B2A8-7183E5F7B942">
<createdBy>cristinalagosgonzalez</createdBy>
<createdTime>2026-01-19 15:53:10 UTC</createdTime>
<ownerDesignName>Semana2</ownerDesignName>
<engineerTo>
<item key="999B8B29-B5A5-A327-E329-82ACA967E025" value="true"/>
</engineerTo>
<useDomainConstraints>false</useDomainConstraints>
<use>1</use>
<logicalDatatype>LOGDT026</logicalDatatype>
<dataTypePrecision>25</dataTypePrecision>
<dataTypeScale>9</dataTypeScale>
<ownDataTypeParameters>,25,9</ownDataTypeParameters>
</Attribute>
<Attribute name="Color" id="0605FA89-DC62-AE41-2AF4-C8B5A09EF21A">
<createdBy>cristinalagosgonzalez</createdBy>
<createdTime>2026-01-19 15:53:10 UTC</createdTime>
<ownerDesignName>Semana2</ownerDesignName>
<engineerTo>
<item key="999B8B29-B5A5-A327-E329-82ACA967E025" value="true"/>
</engineerTo>
<useDomainConstraints>false</useDomainConstraints>
<use>1</use>
<logicalDatatype>LOGDT024</logicalDatatype>
<dataTypeSize>7</dataTypeSize>
<ownDataTypeParameters>7,,</ownDataTypeParameters>
</Attribute>
<Attribute name="Descripcion" id="EE8EE317-2BE9-E3FE-E0A5-F9771517324F">
<createdBy>cristinalagosgonzalez</createdBy>
<createdTime>2026-01-19 15:53:10 UTC</createdTime>
<ownerDesignName>Semana2</ownerDesignName>
<engineerTo>
<item key="999B8B29-B5A5-A327-E329-82ACA967E025" value="true"/>
</engineerTo>
<nullsAllowed>true</nullsAllowed>
<useDomainConstraints>false</useDomainConstraints>
<use>1</use>
<logicalDatatype>LOGDT024</logicalDatatype>
<dataTypeSize>20</dataTypeSize>
<ownDataTypeParameters>20,,</ownDataTypeParameters>
</Attribute>
<Attribute name="Pasaporte_o_ID" id="328D577A-6B2C-C4A7-35D0-DB6B736C3780">
<createdBy>cristinalagosgonzalez</createdBy>
<createdTime>2026-01-19 16:14:14 UTC</createdTime>
<generatorID>AC82271D-6BAE-6F36-9834-A939AEA9EE95</generatorID>
<ownerDesignName>Semana2</ownerDesignName>
<engineerTo>
<item key="999B8B29-B5A5-A327-E329-82ACA967E025" value="true"/>
</engineerTo>
<referedAttribute>467BF31E-88C4-2DD9-5897-25FB2ACFD713</referedAttribute>
<useDomainConstraints>false</useDomainConstraints>
<use>1</use>
<logicalDatatype>LOGDT024</logicalDatatype>
<dataTypeSize>10</dataTypeSize>
<ownDataTypeParameters>,,</ownDataTypeParameters>
</Attribute>
<Attribute name="Numero_Vuelo" id="1BBD54BE-75FB-9588-7FBB-6584C294ACDD">
<createdBy>cristinalagosgonzalez</createdBy>
<createdTime>2026-01-19 16:21:43 UTC</createdTime>
<generatorID>AC82271D-6BAE-6F36-9834-A939AEA9EE95</generatorID>
<ownerDesignName>Semana2</ownerDesignName>
<engineerTo>
<item key="999B8B29-B5A5-A327-E329-82ACA967E025" value="true"/>
</engineerTo>
<referedAttribute>77FDF5BB-01FA-0E9A-F2BD-40B576F02680</referedAttribute>
<useDomainConstraints>false</useDomainConstraints>
<use>1</use>
<logicalDatatype>LOGDT024</logicalDatatype>
<dataTypeSize>4</dataTypeSize>
<ownDataTypeParameters>,,</ownDataTypeParameters>
</Attribute>
</attributes>
<identifiers itemClass="oracle.dbtools.crest.model.design.logical.CandidateKey">
<identifier id="0E3A681D-2C0F-2B1B-2607-8780620B6C78" name="Equipaje_Extra20 PK">
<createdBy>cristinalagosgonzalez</createdBy>
<createdTime>2026-01-19 15:53:10 UTC</createdTime>
<ownerDesignName>Semana2</ownerDesignName>
<engineerTo>
<item key="999B8B29-B5A5-A327-E329-82ACA967E025" value="true"/>
</engineerTo>
<pk>true</pk>
<usedAttributes>
<attributeRef>42C3BAE5-E4E1-D2BA-E22E-D52C0B2C50A3</attributeRef>
</usedAttributes>
</identifier>
</identifiers>
</Entity>
