<?xml version = '1.0' encoding = 'UTF-8'?>
<Relation class="oracle.dbtools.crest.model.design.logical.Relation" name="Pasajero-EqBodega25,9" directorySegmentName="seg_0" id="29E163BB-9D63-9296-5CE0-17C3100C9607">
<createdBy>cristinalagosgonzalez</createdBy>
<createdTime>2026-01-19 16:07:52 UTC</createdTime>
<ownerDesignName>Semana2</ownerDesignName>
<engineerTo>
<item key="999B8B29-B5A5-A327-E329-82ACA967E025" value="true"/>
</engineerTo>
<sourceTransferable>false</sourceTransferable>
<targetTransferable>false</targetTransferable>
<sourcePk>4207FAF0-9E45-B477-E608-F4FD2C3C405B</sourcePk>
<targetPk>79172439-9B53-63CD-B4A3-10A3F159DE9F</targetPk>
<identifying>false</identifying>
<optionalSource>false</optionalSource>
<optionalTarget>false</optionalTarget>
<sourceCardinality>1</sourceCardinality>
<sourceEntity>9E0FE304-9286-1F42-5D18-F1EA9481BED8</sourceEntity>
<targetCardinalityString>1</targetCardinalityString>
<targetEntity>CF5275A0-9E6F-B06C-EA85-118B654CE9C5</targetEntity>
<transferable>true</transferable>
<deleteRule>NO ACTION</deleteRule>
</Relation>
