<?xml version = '1.0' encoding = 'UTF-8'?>
<Relation class="oracle.dbtools.crest.model.design.logical.Relation" name="vuelo-pasajero" directorySegmentName="seg_0" id="7B4E9E92-871C-B6AF-BDF8-65C07651E2CE">
<createdBy>cristinalagosgonzalez</createdBy>
<createdTime>2026-01-19 16:21:43 UTC</createdTime>
<ownerDesignName>Semana2</ownerDesignName>
<engineerTo>
<item key="999B8B29-B5A5-A327-E329-82ACA967E025" value="true"/>
</engineerTo>
<sourcePk>82E1BA4F-E1E5-A3FD-E87C-49DBFCAE78E8</sourcePk>
<identifying>true</identifying>
<optionalSource>false</optionalSource>
<optionalTarget>false</optionalTarget>
<sourceCardinality>1</sourceCardinality>
<sourceEntity>6CC2A2C9-5078-689A-AD19-171CA8C6E4F0</sourceEntity>
<targetCardinalityString>*</targetCardinalityString>
<targetEntity>9E0FE304-9286-1F42-5D18-F1EA9481BED8</targetEntity>
<transferable>true</transferable>
<deleteRule>NO ACTION</deleteRule>
</Relation>
