<?xml version = '1.0' encoding = 'UTF-8'?>
<Relation class="oracle.dbtools.crest.model.design.logical.Relation" name="vuelo-empleado" directorySegmentName="seg_0" id="8F3D8A8B-1D41-E46E-13E1-3D96969EE305">
<createdBy>cristinalagosgonzalez</createdBy>
<createdTime>2026-01-19 16:23:19 UTC</createdTime>
<ownerDesignName>Semana2</ownerDesignName>
<engineerTo>
<item key="999B8B29-B5A5-A327-E329-82ACA967E025" value="true"/>
</engineerTo>
<sourcePk>82E1BA4F-E1E5-A3FD-E87C-49DBFCAE78E8</sourcePk>
<identifying>true</identifying>
<optionalSource>false</optionalSource>
<optionalTarget>false</optionalTarget>
<sourceCardinality>1</sourceCardinality>
<sourceEntity>6CC2A2C9-5078-689A-AD19-171CA8C6E4F0</sourceEntity>
<targetCardinalityString>*</targetCardinalityString>
<targetEntity>49AAC303-3CD4-3260-FC4D-875A8F0BC8B8</targetEntity>
<transferable>true</transferable>
<deleteRule>NO ACTION</deleteRule>
</Relation>
