<?xml version = '1.0' encoding = 'UTF-8'?>
<Relation class="oracle.dbtools.crest.model.design.logical.Relation" name="Pasajero-EquipajeExtra25,9" directorySegmentName="seg_0" id="AC189444-9787-8F6B-402D-E330321CE355">
<createdBy>cristinalagosgonzalez</createdBy>
<createdTime>2026-01-19 16:13:58 UTC</createdTime>
<ownerDesignName>Semana2</ownerDesignName>
<engineerTo>
<item key="999B8B29-B5A5-A327-E329-82ACA967E025" value="true"/>
</engineerTo>
<sourceTransferable>false</sourceTransferable>
<targetTransferable>false</targetTransferable>
<sourcePk>4207FAF0-9E45-B477-E608-F4FD2C3C405B</sourcePk>
<targetPk>0EA6E7B8-139E-8E99-3F7E-90F6CDCE71B0</targetPk>
<identifying>false</identifying>
<optionalSource>false</optionalSource>
<optionalTarget>false</optionalTarget>
<sourceCardinality>1</sourceCardinality>
<sourceEntity>9E0FE304-9286-1F42-5D18-F1EA9481BED8</sourceEntity>
<targetCardinalityString>1</targetCardinalityString>
<targetEntity>435E438D-8EEC-3771-0B0D-36BDE6F0B6F4</targetEntity>
<transferable>true</transferable>
<deleteRule>NO ACTION</deleteRule>
</Relation>
