<?xml version = '1.0' encoding = 'UTF-8'?>
<Relation class="oracle.dbtools.crest.model.design.logical.Relation" name="Pasajero-Extra10" directorySegmentName="seg_0" id="AC82271D-6BAE-6F36-9834-A939AEA9EE95">
<createdBy>cristinalagosgonzalez</createdBy>
<createdTime>2026-01-19 16:14:14 UTC</createdTime>
<ownerDesignName>Semana2</ownerDesignName>
<engineerTo>
<item key="999B8B29-B5A5-A327-E329-82ACA967E025" value="true"/>
</engineerTo>
<sourceTransferable>false</sourceTransferable>
<targetTransferable>false</targetTransferable>
<sourcePk>4207FAF0-9E45-B477-E608-F4FD2C3C405B</sourcePk>
<targetPk>0E3A681D-2C0F-2B1B-2607-8780620B6C78</targetPk>
<identifying>false</identifying>
<optionalSource>false</optionalSource>
<optionalTarget>false</optionalTarget>
<sourceCardinality>1</sourceCardinality>
<sourceEntity>9E0FE304-9286-1F42-5D18-F1EA9481BED8</sourceEntity>
<targetCardinalityString>1</targetCardinalityString>
<targetEntity>ECE4BC0D-20CA-626F-C1CE-039A1D5DC758</targetEntity>
<transferable>true</transferable>
<deleteRule>NO ACTION</deleteRule>
</Relation>
