<?xml version = '1.0' encoding = 'UTF-8'?>
<Relation class="oracle.dbtools.crest.model.design.logical.Relation" name="Pasajero-Vuelo" directorySegmentName="seg_0" id="C06E7832-E613-0F99-7733-E1D8B31F23C9">
<createdBy>cristinalagosgonzalez</createdBy>
<createdTime>2026-01-19 16:18:29 UTC</createdTime>
<ownerDesignName>Semana2</ownerDesignName>
<engineerTo>
<item key="999B8B29-B5A5-A327-E329-82ACA967E025" value="true"/>
</engineerTo>
<sourceTransferable>false</sourceTransferable>
<targetTransferable>false</targetTransferable>
<sourcePk>4207FAF0-9E45-B477-E608-F4FD2C3C405B</sourcePk>
<targetPk>82E1BA4F-E1E5-A3FD-E87C-49DBFCAE78E8</targetPk>
<identifying>false</identifying>
<optionalSource>false</optionalSource>
<optionalTarget>false</optionalTarget>
<sourceCardinality>1</sourceCardinality>
<sourceEntity>9E0FE304-9286-1F42-5D18-F1EA9481BED8</sourceEntity>
<targetCardinalityString>*</targetCardinalityString>
<targetEntity>6CC2A2C9-5078-689A-AD19-171CA8C6E4F0</targetEntity>
<transferable>true</transferable>
<deleteRule>NO ACTION</deleteRule>
</Relation>
